{"trade_date":{"0":"20210825","1":"20210825","2":"20210825","3":"20210825","4":"20210825","5":"20210825","6":"20210825","7":"20210825","8":"20210825","9":"20210825","10":"20210825","11":"20210825","12":"20210825","13":"20210825"},"ts_code":{"0":"ABS","1":"ETF","2":"LOF","3":"\u4e3b\u677fA\u80a1","4":"\u4e3b\u677fB\u80a1","5":"\u503a\u5238","6":"\u503a\u5238\u56de\u8d2d","7":"\u503a\u5238\u73b0\u5238","8":"\u521b\u4e1a\u677fA\u80a1","9":"\u57fa\u7840\u8bbe\u65bd\u57fa\u91d1","10":"\u57fa\u91d1","11":"\u5c01\u95ed\u5f0f\u57fa\u91d1","12":"\u671f\u6743","13":"\u80a1\u7968"},"count":{"0":749,"1":189,"2":308,"3":1471,"4":43,"5":9032,"6":13,"7":8270,"8":1013,"9":4,"10":502,"11":1,"12":98,"13":2527},"amount":{"0":882751615.0,"1":10613121964.3999996185,"2":861964767.3200000525,"3":433605526912.6500244141,"4":103542213.2600000054,"5":210969409713.0899963379,"6":156093013000.0,"7":53993645098.0899963379,"8":285927594166.5,"9":51168060.1400000006,"10":11527249421.4599990845,"11":994629.6,"12":139472004.0,"13":719636663292.4100341797},"vol":{"0":8759500,"1":7707075349,"2":681101322,"3":32792735192,"4":24334842,"5":1893521193,"6":1563438060,"7":321323633,"8":14850416649,"9":13198678,"10":8401384949,"11":9600,"12":206416,"13":47667486683},"total_share":{"0":6837021748.0,"1":136037802294.0,"2":37887856603.0,"3":1869677517067.0,"4":12161833928.0,"5":null,"6":null,"7":462441718946.0,"8":498561653044.0,"9":2464320914.0,"10":176398202634.0,"11":8222823.0,"12":null,"13":2380401004039.0},"total_mv":{"0":645692756739.2900390625,"1":219138076670.8099975586,"2":54827168519.6600036621,"3":24356295829808.94921875,"4":55226200548.1299972534,"5":null,"6":null,"7":46235828484851.90625,"8":13336661558851.369140625,"9":14206416273.0900001526,"10":289025437175.6599731445,"11":853775712.0900000334,"12":null,"13":37748183589208.453125},"float_share":{"0":6837021748.0,"1":136037802294.0,"2":37887856603.0,"3":1579625402343.0,"4":12149950586.0,"5":null,"6":null,"7":22208677239.0,"8":381494038358.0,"9":813511914.0,"10":174747393634.0,"11":8222823.0,"12":null,"13":1973269391287.0},"float_mv":{"0":645692756739.2900390625,"1":219138076670.8099975586,"2":54827168519.6600036621,"3":20553699068210.21875,"4":55195263216.1999969482,"5":null,"6":null,"7":2286613727256.3198242188,"8":9066410963912.240234375,"9":3893523569.0900001526,"10":278712544471.6599731445,"11":853775712.0900000334,"12":null,"13":29675305295338.66015625}}