{"trade_date":{"0":"20211122","1":"20211122","2":"20211122","3":"20211122","4":"20211122","5":"20211122","6":"20211122","7":"20211122","8":"20211122","9":"20211122","10":"20211122","11":"20211122","12":"20211122","13":"20211122"},"ts_code":{"0":"ABS","1":"ETF","2":"LOF","3":"\u4e3b\u677fA\u80a1","4":"\u4e3b\u677fB\u80a1","5":"\u503a\u5238","6":"\u503a\u5238\u56de\u8d2d","7":"\u503a\u5238\u73b0\u5238","8":"\u521b\u4e1a\u677fA\u80a1","9":"\u57fa\u7840\u8bbe\u65bd\u57fa\u91d1","10":"\u57fa\u91d1","11":"\u5c01\u95ed\u5f0f\u57fa\u91d1","12":"\u671f\u6743","13":"\u80a1\u7968"},"count":{"0":760,"1":208,"2":306,"3":1479,"4":43,"5":9589,"6":14,"7":8815,"8":1064,"9":4,"10":519,"11":1,"12":132,"13":2586},"amount":{"0":1500530160.0,"1":16002642085.8199996948,"2":662739766.4500000477,"3":430462549660.0100097656,"4":57933545.9900000021,"5":247468966627.8200073242,"6":174421754500.0,"7":71546681967.8200073242,"8":318935366029.1400146484,"9":63634932.75,"10":16731267986.4300003052,"11":2251201.3999999999,"12":94671554.4399999976,"13":749455849235.1400146484},"vol":{"0":15198500,"1":12762037023,"2":534799360,"3":32656406450,"4":15261124,"5":2139229822,"6":1744902350,"7":379128972,"8":15176208896,"9":11486396,"10":13308344779,"11":22000,"12":200477,"13":47847876470},"total_share":{"0":6939512088.0,"1":164829180777.0,"2":34533015609.0,"3":1891370257917.0,"4":12161833928.0,"5":null,"6":null,"7":486967019943.0,"8":509603987826.0,"9":2465784795.0,"10":201837627218.0,"11":9646037.0,"12":null,"13":2413136079671.0},"total_mv":{"0":650149566942.3699951172,"1":250864548692.6499938965,"2":51724326845.1800003052,"3":24853861838962.58984375,"4":52063684673.4599990845,"5":null,"6":null,"7":48690528370509.03125,"8":14219980534921.869140625,"9":15233819031.3799991608,"10":318809484154.3200073242,"11":986789585.1000000238,"12":null,"13":39125906058557.921875},"float_share":{"0":6939512088.0,"1":164829180777.0,"2":34533015609.0,"3":1597764167544.0,"4":12131902061.0,"5":null,"6":null,"7":22165557038.0,"8":389970976983.0,"9":814975795.0,"10":200186818218.0,"11":9646037.0,"12":null,"13":1999867046588.0},"float_mv":{"0":650149566942.3699951172,"1":250864548692.6499938965,"2":51724326845.1800003052,"3":21030033126505.21875,"4":51795106440.7300033569,"5":null,"6":null,"7":2277132040135.7700195312,"8":10027421345842.75,"9":4257505110.3800001144,"10":307833170233.3200073242,"11":986789585.1000000238,"12":null,"13":31109249578788.69921875}}